OCC_CODE,OCC_TITLE,sectorName
11-1011,Chief Executives,Management
11-1021,General and Operations Managers,Management
11-1031,Legislators,Management
11-2011,Advertising and Promotions Managers,Marketing
11-2021,Marketing Managers,Marketing
11-2022,Sales Managers,Sales
11-2032,Public Relations Managers,Media & Communications
11-2033,Fundraising Managers,Management
11-3012,Administrative Services Managers,Administrative Assistance
11-3013,Facilities Managers,Management
11-3021,Computer and Information Systems Managers,IT Systems & Solutions
11-3031,Financial Managers,Banking & Finance
11-3051,Industrial Production Managers,Production & Manufacturing
11-3061,Purchasing Managers,Management
11-3071,"Transportation, Storage, and Distribution Managers",Logistic Support
11-3111,Compensation and Benefits Managers,Human Resources
11-3121,Human Resources Managers,Human Resources
11-3131,Training and Development Managers,Human Resources
11-9013,"Farmers, Ranchers, and Other Agricultural Managers",Management
11-9021,Construction Managers,Management
11-9031,"Education and Childcare Administrators, Preschool and Daycare",Education & Instruction
11-9032,"Education Administrators, Kindergarten through Secondary",Education & Instruction
11-9033,"Education Administrators, Postsecondary",Education & Instruction
11-9039,"Education Administrators, All Other",Education & Instruction
11-9041,Architectural and Engineering Managers,Architecture
11-9051,Food Service Managers,Food Preparation & Service
11-9071,Gambling Managers,Hospitality & Tourism
11-9072,"Entertainment and Recreation Managers, Except Gambling",Arts & Entertainment
11-9081,Lodging Managers,Hospitality & Tourism
11-9111,Medical and Health Services Managers,Management
11-9121,Natural Sciences Managers,Scientific Research & Development
11-9131,Postmasters and Mail Superintendents,Management
11-9141,"Property, Real Estate, and Community Association Managers",Sales
11-9151,Social and Community Service Managers,Community & Social Service
11-9161,Emergency Management Directors,Security & Public Safety
11-9171,Funeral Home Managers,Personal Care & Home Health
11-9179,"Personal Service Managers, All Other",Personal Care & Home Health
11-9199,"Managers, All Other",Management
13-1011,"Agents and Business Managers of Artists, Performers, and Athletes",Arts & Entertainment
13-1020,Buyers and Purchasing Agents,Management
13-1031,"Claims Adjusters, Examiners, and Investigators",Banking & Finance
13-1032,"Insurance Appraisers, Auto Damage",Banking & Finance
13-1041,Compliance Officers,Management
13-1051,Cost Estimators,Accounting
13-1071,Human Resources Specialists,Human Resources
13-1074,Farm Labor Contractors,Management
13-1075,Labor Relations Specialists,Human Resources
13-1081,Logisticians,Logistic Support
13-1082,Project Management Specialists,Project Management
13-1111,Management Analysts,Management
13-1121,"Meeting, Convention, and Event Planners",Hospitality & Tourism
13-1131,Fundraisers,Sales
13-1141,"Compensation, Benefits, and Job Analysis Specialists",Human Resources
13-1151,Training and Development Specialists,Human Resources
13-1161,Market Research Analysts and Marketing Specialists,Marketing
13-1199,"Business Operations Specialists, All Other",Management
13-2011,Accountants and Auditors,Accounting
13-2020,Property Appraisers and Assessors,Banking & Finance
13-2031,Budget Analysts,Accounting
13-2041,Credit Analysts,Banking & Finance
13-2051,Financial and Investment Analysts,Banking & Finance
13-2052,Personal Financial Advisors,Banking & Finance
13-2053,Insurance Underwriters,Banking & Finance
13-2054,Financial Risk Specialists,Banking & Finance
13-2061,Financial Examiners,Banking & Finance
13-2071,Credit Counselors,Banking & Finance
13-2072,Loan Officers,Banking & Finance
13-2081,"Tax Examiners and Collectors, and Revenue Agents",Accounting
13-2082,Tax Preparers,Accounting
13-2099,"Financial Specialists, All Other",Banking & Finance
15-1211,Computer Systems Analysts,IT Systems & Solutions
15-1212,Information Security Analysts,IT Systems & Solutions
15-1221,Computer and Information Research Scientists,Software Development
15-1231,Computer Network Support Specialists,IT Systems & Solutions
15-1232,Computer User Support Specialists,IT Systems & Solutions
15-1241,Computer Network Architects,IT Systems & Solutions
15-1242,Database Administrators,IT Systems & Solutions
15-1243,Database Architects,IT Systems & Solutions
15-1244,Network and Computer Systems Administrators,IT Systems & Solutions
15-1251,Computer Programmers,Software Development
15-1252,Software Developers,Software Development
15-1253,Software Quality Assurance Analysts and Testers,Software Development
15-1254,Web Developers,Software Development
15-1255,Web and Digital Interface Designers,Software Development
15-1299,"Computer Occupations, All Other",IT Systems & Solutions
15-2011,Actuaries,Data & Analytics
15-2021,Mathematicians,Data & Analytics
15-2031,Operations Research Analysts,Data & Analytics
15-2041,Statisticians,Data & Analytics
15-2051,Data Scientists,Data & Analytics
15-2099,"Mathematical Science Occupations, All Other",Data & Analytics
17-1011,"Architects, Except Landscape and Naval",Architecture
17-1012,Landscape Architects,Architecture
17-1021,Cartographers and Photogrammetrists,Architecture
17-1022,Surveyors,Architecture
17-2011,Aerospace Engineers,Industrial Engineering
17-2021,Agricultural Engineers,Industrial Engineering
17-2031,Bioengineers and Biomedical Engineers,Industrial Engineering
17-2041,Chemical Engineers,Industrial Engineering
17-2051,Civil Engineers,Civil Engineering
17-2061,Computer Hardware Engineers,Electrical Engineering
17-2071,Electrical Engineers,Electrical Engineering
17-2072,"Electronics Engineers, Except Computer",Electrical Engineering
17-2081,Environmental Engineers,Civil Engineering
17-2111,"Health and Safety Engineers, Except Mining Safety Engineers and Inspectors",Industrial Engineering
17-2112,Industrial Engineers,Industrial Engineering
17-2121,Marine Engineers and Naval Architects,Industrial Engineering
17-2131,Materials Engineers,Industrial Engineering
17-2141,Mechanical Engineers,Industrial Engineering
17-2151,"Mining and Geological Engineers, Including Mining Safety Engineers",Industrial Engineering
17-2161,Nuclear Engineers,Industrial Engineering
17-2171,Petroleum Engineers,Industrial Engineering
17-2199,"Engineers, All Other",Industrial Engineering
17-3011,Architectural and Civil Drafters,Architecture
17-3012,Electrical and Electronics Drafters,Electrical Engineering
17-3013,Mechanical Drafters,Industrial Engineering
17-3019,"Drafters, All Other",Architecture
17-3021,Aerospace Engineering and Operations Technologists and Technicians,Industrial Engineering
17-3022,Civil Engineering Technologists and Technicians,Civil Engineering
17-3023,Electrical and Electronic Engineering Technologists and Technicians,Electrical Engineering
17-3024,Electro-Mechanical and Mechatronics Technologists and Technicians,Electrical Engineering
17-3025,Environmental Engineering Technologists and Technicians,Civil Engineering
17-3026,Industrial Engineering Technologists and Technicians,Industrial Engineering
17-3027,Mechanical Engineering Technologists and Technicians,Industrial Engineering
17-3028,Calibration Technologists and Technicians,Industrial Engineering
17-3029,"Engineering Technologists and Technicians, Except Drafters, All Other",Industrial Engineering
17-3031,Surveying and Mapping Technicians,Architecture
19-1011,Animal Scientists,Scientific Research & Development
19-1012,Food Scientists and Technologists,Scientific Research & Development
19-1013,Soil and Plant Scientists,Scientific Research & Development
19-1021,Biochemists and Biophysicists,Scientific Research & Development
19-1022,Microbiologists,Scientific Research & Development
19-1023,Zoologists and Wildlife Biologists,Scientific Research & Development
19-1029,"Biological Scientists, All Other",Scientific Research & Development
19-1031,Conservation Scientists,Scientific Research & Development
19-1032,Foresters,Scientific Research & Development
19-1041,Epidemiologists,Scientific Research & Development
19-1042,"Medical Scientists, Except Epidemiologists",Scientific Research & Development
19-1099,"Life Scientists, All Other",Scientific Research & Development
19-2011,Astronomers,Scientific Research & Development
19-2012,Physicists,Scientific Research & Development
19-2021,Atmospheric and Space Scientists,Scientific Research & Development
19-2031,Chemists,Scientific Research & Development
19-2032,Materials Scientists,Scientific Research & Development
19-2041,"Environmental Scientists and Specialists, Including Health",Scientific Research & Development
19-2042,"Geoscientists, Except Hydrologists and Geographers",Scientific Research & Development
19-2043,Hydrologists,Scientific Research & Development
19-2099,"Physical Scientists, All Other",Scientific Research & Development
19-3011,Economists,Scientific Research & Development
19-3022,Survey Researchers,Scientific Research & Development
19-3032,Industrial-Organizational Psychologists,Scientific Research & Development
19-3033,Clinical and Counseling Psychologists,Therapy
19-3034,School Psychologists,Education & Instruction
19-3039,"Psychologists, All Other",Scientific Research & Development
19-3041,Sociologists,Scientific Research & Development
19-3051,Urban and Regional Planners,Scientific Research & Development
19-3091,Anthropologists and Archeologists,Scientific Research & Development
19-3092,Geographers,Scientific Research & Development
19-3093,Historians,Scientific Research & Development
19-3094,Political Scientists,Scientific Research & Development
19-3099,"Social Scientists and Related Workers, All Other",Scientific Research & Development
19-4012,Agricultural Technicians,Scientific Research & Development
19-4013,Food Science Technicians,Scientific Research & Development
19-4021,Biological Technicians,Scientific Research & Development
19-4031,Chemical Technicians,Scientific Research & Development
19-4042,"Environmental Science and Protection Technicians, Including Health",Scientific Research & Development
19-4043,"Geological Technicians, Except Hydrologic Technicians",Scientific Research & Development
19-4044,Hydrologic Technicians,Scientific Research & Development
19-4051,Nuclear Technicians,Scientific Research & Development
19-4061,Social Science Research Assistants,Scientific Research & Development
19-4071,Forest and Conservation Technicians,Scientific Research & Development
19-4092,Forensic Science Technicians,Scientific Research & Development
19-4099,"Life, Physical, and Social Science Technicians, All Other",Scientific Research & Development
19-5011,Occupational Health and Safety Specialists,Security & Public Safety
19-5012,Occupational Health and Safety Technicians,Security & Public Safety
21-1012,"Educational, Guidance, and Career Counselors and Advisors",Education & Instruction
21-1013,Marriage and Family Therapists,Therapy
21-1015,Rehabilitation Counselors,Therapy
21-1018,"Substance Abuse, Behavioral Disorder, and Mental Health Counselors",Therapy
21-1019,"Counselors, All Other",Community & Social Service
21-1021,"Child, Family, and School Social Workers",Community & Social Service
21-1022,Healthcare Social Workers,Community & Social Service
21-1023,Mental Health and Substance Abuse Social Workers,Community & Social Service
21-1029,"Social Workers, All Other",Community & Social Service
21-1091,Health Education Specialists,Community & Social Service
21-1092,Probation Officers and Correctional Treatment Specialists,Security & Public Safety
21-1093,Social and Human Service Assistants,Community & Social Service
21-1094,Community Health Workers,Community & Social Service
21-1099,"Community and Social Service Specialists, All Other",Community & Social Service
21-2011,Clergy,Community & Social Service
21-2021,"Directors, Religious Activities and Education",Community & Social Service
21-2099,"Religious Workers, All Other",Community & Social Service
23-1011,Lawyers,Legal
23-1012,Judicial Law Clerks,Legal
23-1021,"Administrative Law Judges, Adjudicators, and Hearing Officers",Legal
23-1022,"Arbitrators, Mediators, and Conciliators",Legal
23-1023,"Judges, Magistrate Judges, and Magistrates",Legal
23-2011,Paralegals and Legal Assistants,Legal
23-2093,"Title Examiners, Abstractors, and Searchers",Legal
23-2099,"Legal Support Workers, All Other",Legal
25-1011,"Business Teachers, Postsecondary",Education & Instruction
25-1021,"Computer Science Teachers, Postsecondary",Education & Instruction
25-1022,"Mathematical Science Teachers, Postsecondary",Education & Instruction
25-1031,"Architecture Teachers, Postsecondary",Education & Instruction
25-1032,"Engineering Teachers, Postsecondary",Education & Instruction
25-1041,"Agricultural Sciences Teachers, Postsecondary",Education & Instruction
25-1042,"Biological Science Teachers, Postsecondary",Education & Instruction
25-1043,"Forestry and Conservation Science Teachers, Postsecondary",Education & Instruction
25-1051,"Atmospheric, Earth, Marine, and Space Sciences Teachers, Postsecondary",Education & Instruction
25-1052,"Chemistry Teachers, Postsecondary",Education & Instruction
25-1053,"Environmental Science Teachers, Postsecondary",Education & Instruction
25-1054,"Physics Teachers, Postsecondary",Education & Instruction
25-1061,"Anthropology and Archeology Teachers, Postsecondary",Education & Instruction
25-1062,"Area, Ethnic, and Cultural Studies Teachers, Postsecondary",Education & Instruction
25-1063,"Economics Teachers, Postsecondary",Education & Instruction
25-1064,"Geography Teachers, Postsecondary",Education & Instruction
25-1065,"Political Science Teachers, Postsecondary",Education & Instruction
25-1066,"Psychology Teachers, Postsecondary",Education & Instruction
25-1067,"Sociology Teachers, Postsecondary",Education & Instruction
25-1069,"Social Sciences Teachers, Postsecondary, All Other",Education & Instruction
25-1071,"Health Specialties Teachers, Postsecondary",Education & Instruction
25-1072,"Nursing Instructors and Teachers, Postsecondary",Education & Instruction
25-1081,"Education Teachers, Postsecondary",Education & Instruction
25-1082,"Library Science Teachers, Postsecondary",Education & Instruction
25-1111,"Criminal Justice and Law Enforcement Teachers, Postsecondary",Education & Instruction
25-1112,"Law Teachers, Postsecondary",Education & Instruction
25-1113,"Social Work Teachers, Postsecondary",Education & Instruction
25-1121,"Art, Drama, and Music Teachers, Postsecondary",Education & Instruction
25-1122,"Communications Teachers, Postsecondary",Education & Instruction
25-1123,"English Language and Literature Teachers, Postsecondary",Education & Instruction
25-1124,"Foreign Language and Literature Teachers, Postsecondary",Education & Instruction
25-1125,"History Teachers, Postsecondary",Education & Instruction
25-1126,"Philosophy and Religion Teachers, Postsecondary",Education & Instruction
25-1192,"Family and Consumer Sciences Teachers, Postsecondary",Education & Instruction
25-1193,"Recreation and Fitness Studies Teachers, Postsecondary",Education & Instruction
25-1194,"Career/Technical Education Teachers, Postsecondary",Education & Instruction
25-1199,"Postsecondary Teachers, All Other",Education & Instruction
25-2011,"Preschool Teachers, Except Special Education",Education & Instruction
25-2012,"Kindergarten Teachers, Except Special Education",Education & Instruction
25-2021,"Elementary School Teachers, Except Special Education",Education & Instruction
25-2022,"Middle School Teachers, Except Special and Career/Technical Education",Education & Instruction
25-2023,"Career/Technical Education Teachers, Middle School",Education & Instruction
25-2031,"Secondary School Teachers, Except Special and Career/Technical Education",Education & Instruction
25-2032,"Career/Technical Education Teachers, Secondary School",Education & Instruction
25-2051,"Special Education Teachers, Preschool",Education & Instruction
25-2052,"Special Education Teachers, Kindergarten and Elementary School",Education & Instruction
25-2057,"Special Education Teachers, Middle School",Education & Instruction
25-2058,"Special Education Teachers, Secondary School",Education & Instruction
25-2059,"Special Education Teachers, All Other",Education & Instruction
25-3011,"Adult Basic Education, Adult Secondary Education, and English as a Second Language Instructors",Education & Instruction
25-3021,Self-Enrichment Teachers,Education & Instruction
25-3031,"Substitute Teachers, Short-Term",Education & Instruction
25-3041,Tutors,Education & Instruction
25-3099,"Teachers and Instructors, All Other",Education & Instruction
25-4011,Archivists,Education & Instruction
25-4012,Curators,Education & Instruction
25-4013,Museum Technicians and Conservators,Education & Instruction
25-4022,Librarians and Media Collections Specialists,Education & Instruction
25-4031,Library Technicians,Education & Instruction
25-9021,Farm and Home Management Educators,Education & Instruction
25-9031,Instructional Coordinators,Education & Instruction
25-9044,"Teaching Assistants, Postsecondary",Education & Instruction
25-9045,"Teaching Assistants, Except Postsecondary",Education & Instruction
25-9099,"Educational Instruction and Library Workers, All Other",Education & Instruction
27-1011,Art Directors,Arts & Entertainment
27-1012,Craft Artists,Arts & Entertainment
27-1013,"Fine Artists, Including Painters, Sculptors, and Illustrators",Arts & Entertainment
27-1014,Special Effects Artists and Animators,Arts & Entertainment
27-1019,"Artists and Related Workers, All Other",Arts & Entertainment
27-1021,Commercial and Industrial Designers,Arts & Entertainment
27-1022,Fashion Designers,Arts & Entertainment
27-1023,Floral Designers,Arts & Entertainment
27-1024,Graphic Designers,Arts & Entertainment
27-1025,Interior Designers,Arts & Entertainment
27-1026,Merchandise Displayers and Window Trimmers,Arts & Entertainment
27-1027,Set and Exhibit Designers,Arts & Entertainment
27-1029,"Designers, All Other",Arts & Entertainment
27-2011,Actors,Arts & Entertainment
27-2012,Producers and Directors,Arts & Entertainment
27-2021,Athletes and Sports Competitors,Arts & Entertainment
27-2022,Coaches and Scouts,Arts & Entertainment
27-2023,"Umpires, Referees, and Other Sports Officials",Arts & Entertainment
27-2031,Dancers,Arts & Entertainment
27-2032,Choreographers,Arts & Entertainment
27-2041,Music Directors and Composers,Arts & Entertainment
27-2042,Musicians and Singers,Arts & Entertainment
27-2091,"Disc Jockeys, Except Radio",Arts & Entertainment
27-2099,"Entertainers and Performers, Sports and Related Workers, All Other",Arts & Entertainment
27-3011,Broadcast Announcers and Radio Disc Jockeys,Media & Communications
27-3023,"News Analysts, Reporters, and Journalists",Media & Communications
27-3031,Public Relations Specialists,Media & Communications
27-3041,Editors,Media & Communications
27-3042,Technical Writers,Media & Communications
27-3043,Writers and Authors,Media & Communications
27-3091,Interpreters and Translators,Media & Communications
27-3092,Court Reporters and Simultaneous Captioners,Media & Communications
27-3099,"Media and Communication Workers, All Other",Media & Communications
27-4011,Audio and Video Technicians,Media & Communications
27-4012,Broadcast Technicians,Media & Communications
27-4014,Sound Engineering Technicians,Media & Communications
27-4015,Lighting Technicians,Media & Communications
27-4021,Photographers,Media & Communications
27-4031,"Camera Operators, Television, Video, and Film",Media & Communications
27-4032,Film and Video Editors,Media & Communications
27-4099,"Media and Communication Equipment Workers, All Other",Media & Communications
29-1011,Chiropractors,Therapy
29-1021,"Dentists, General",Dental
29-1022,Oral and Maxillofacial Surgeons,Dental
29-1023,Orthodontists,Dental
29-1024,Prosthodontists,Dental
29-1029,"Dentists, All Other Specialists",Dental
29-1031,Dietitians and Nutritionists,Therapy
29-1041,Optometrists,Physicians & Surgeons
29-1051,Pharmacists,Pharmacy
29-1071,Physician Assistants,Physicians & Surgeons
29-1081,Podiatrists,Physicians & Surgeons
29-1122,Occupational Therapists,Therapy
29-1123,Physical Therapists,Therapy
29-1124,Radiation Therapists,Therapy
29-1125,Recreational Therapists,Therapy
29-1126,Respiratory Therapists,Therapy
29-1127,Speech-Language Pathologists,Therapy
29-1128,Exercise Physiologists,Therapy
29-1129,"Therapists, All Other",Therapy
29-1131,Veterinarians,Physicians & Surgeons
29-1141,Registered Nurses,Nursing
29-1151,Nurse Anesthetists,Nursing
29-1161,Nurse Midwives,Nursing
29-1171,Nurse Practitioners,Nursing
29-1181,Audiologists,Therapy
29-1211,Anesthesiologists,Physicians & Surgeons
29-1212,Cardiologists,Physicians & Surgeons
29-1213,Dermatologists,Physicians & Surgeons
29-1214,Emergency Medicine Physicians,Physicians & Surgeons
29-1215,Family Medicine Physicians,Physicians & Surgeons
29-1216,General Internal Medicine Physicians,Physicians & Surgeons
29-1217,Neurologists,Physicians & Surgeons
29-1218,Obstetricians and Gynecologists,Physicians & Surgeons
29-1221,"Pediatricians, General",Physicians & Surgeons
29-1222,"Physicians, Pathologists",Physicians & Surgeons
29-1223,Psychiatrists,Physicians & Surgeons
29-1224,Radiologists,Physicians & Surgeons
29-1229,"Physicians, All Other",Physicians & Surgeons
29-1241,"Ophthalmologists, Except Pediatric",Physicians & Surgeons
29-1242,"Orthopedic Surgeons, Except Pediatric",Physicians & Surgeons
29-1243,Pediatric Surgeons,Physicians & Surgeons
29-1249,"Surgeons, All Other",Physicians & Surgeons
29-1291,Acupuncturists,Therapy
29-1292,Dental Hygienists,Dental
29-1299,"Healthcare Diagnosing or Treating Practitioners, All Other",Physicians & Surgeons
29-2010,Clinical Laboratory Technologists and Technicians,Medical Technician
29-2031,Cardiovascular Technologists and Technicians,Medical Technician
29-2032,Diagnostic Medical Sonographers,Medical Technician
29-2033,Nuclear Medicine Technologists,Medical Technician
29-2034,Radiologic Technologists and Technicians,Medical Technician
29-2035,Magnetic Resonance Imaging Technologists,Medical Technician
29-2036,Medical Dosimetrists,Medical Technician
29-2042,Emergency Medical Technicians,Medical Technician
29-2043,Paramedics,Medical Technician
29-2051,Dietetic Technicians,Medical Technician
29-2052,Pharmacy Technicians,Pharmacy
29-2053,Psychiatric Technicians,Medical Technician
29-2055,Surgical Technologists,Medical Technician
29-2056,Veterinary Technologists and Technicians,Medical Technician
29-2057,Ophthalmic Medical Technicians,Medical Technician
29-2061,Licensed Practical and Licensed Vocational Nurses,Nursing
29-2072,Medical Records Specialists,Medical Information
29-2081,"Opticians, Dispensing",Medical Technician
29-2091,Orthotists and Prosthetists,Medical Technician
29-2092,Hearing Aid Specialists,Medical Technician
29-2099,"Health Technologists and Technicians, All Other",Medical Technician
29-9021,Health Information Technologists and Medical Registrars,Medical Information
29-9091,Athletic Trainers,Sports
29-9092,Genetic Counselors,Medical Information
29-9093,Surgical Assistants,Medical Technician
29-9099,"Healthcare Practitioners and Technical Workers, All Other",Medical Technician
31-1120,Home Health and Personal Care Aides,Personal Care & Home Health
31-1131,Nursing Assistants,Nursing
31-1132,Orderlies,Nursing
31-1133,Psychiatric Aides,Nursing
31-2011,Occupational Therapy Assistants,Therapy
31-2012,Occupational Therapy Aides,Therapy
31-2021,Physical Therapist Assistants,Therapy
31-2022,Physical Therapist Aides,Therapy
31-9011,Massage Therapists,Therapy
31-9091,Dental Assistants,Dental
31-9092,Medical Assistants,Medical Technician
31-9093,Medical Equipment Preparers,Medical Technician
31-9094,Medical Transcriptionists,Medical Information
31-9095,Pharmacy Aides,Pharmacy
31-9096,Veterinary Assistants and Laboratory Animal Caretakers,Medical Technician
31-9097,Phlebotomists,Medical Technician
31-9099,"Healthcare Support Workers, All Other",Personal Care & Home Health
33-1011,First-Line Supervisors of Correctional Officers,Security & Public Safety
33-1012,First-Line Supervisors of Police and Detectives,Security & Public Safety
33-1021,First-Line Supervisors of Firefighting and Prevention Workers,Security & Public Safety
33-1091,First-Line Supervisors of Security Workers,Security & Public Safety
33-1099,"First-Line Supervisors of Protective Service Workers, All Other",Security & Public Safety
33-2011,Firefighters,Security & Public Safety
33-2021,Fire Inspectors and Investigators,Security & Public Safety
33-2022,Forest Fire Inspectors and Prevention Specialists,Security & Public Safety
33-3011,Bailiffs,Security & Public Safety
33-3012,Correctional Officers and Jailers,Security & Public Safety
33-3021,Detectives and Criminal Investigators,Security & Public Safety
33-3031,Fish and Game Wardens,Security & Public Safety
33-3041,Parking Enforcement Workers,Security & Public Safety
33-3051,Police and Sheriff's Patrol Officers,Security & Public Safety
33-3052,Transit and Railroad Police,Security & Public Safety
33-9011,Animal Control Workers,Security & Public Safety
33-9021,Private Detectives and Investigators,Security & Public Safety
33-9031,Gambling Surveillance Officers and Gambling Investigators,Security & Public Safety
33-9032,Security Guards,Security & Public Safety
33-9091,Crossing Guards and Flaggers,Security & Public Safety
33-9092,"Lifeguards, Ski Patrol, and Other Recreational Protective Service Workers",Security & Public Safety
33-9093,Transportation Security Screeners,Security & Public Safety
33-9094,School Bus Monitors,Security & Public Safety
33-9099,"Protective Service Workers, All Other",Security & Public Safety
35-1011,Chefs and Head Cooks,Food Preparation & Service
35-1012,First-Line Supervisors of Food Preparation and Serving Workers,Food Preparation & Service
35-2011,"Cooks, Fast Food",Food Preparation & Service
35-2012,"Cooks, Institution and Cafeteria",Food Preparation & Service
35-2013,"Cooks, Private Household",Food Preparation & Service
35-2014,"Cooks, Restaurant",Food Preparation & Service
35-2015,"Cooks, Short Order",Food Preparation & Service
35-2019,"Cooks, All Other",Food Preparation & Service
35-2021,Food Preparation Workers,Food Preparation & Service
35-3011,Bartenders,Food Preparation & Service
35-3023,Fast Food and Counter Workers,Food Preparation & Service
35-3031,Waiters and Waitresses,Food Preparation & Service
35-3041,"Food Servers, Nonrestaurant",Food Preparation & Service
35-9011,Dining Room and Cafeteria Attendants and Bartender Helpers,Food Preparation & Service
35-9021,Dishwashers,Food Preparation & Service
35-9031,"Hosts and Hostesses, Restaurant, Lounge, and Coffee Shop",Food Preparation & Service
35-9099,"Food Preparation and Serving Related Workers, All Other",Food Preparation & Service
37-1011,First-Line Supervisors of Housekeeping and Janitorial Workers,Cleaning & Sanitation
37-1012,"First-Line Supervisors of Landscaping, Lawn Service, and Groundskeeping Workers",Cleaning & Sanitation
37-2011,"Janitors and Cleaners, Except Maids and Housekeeping Cleaners",Cleaning & Sanitation
37-2012,Maids and Housekeeping Cleaners,Cleaning & Sanitation
37-2019,"Building Cleaning Workers, All Other",Cleaning & Sanitation
37-2021,Pest Control Workers,Cleaning & Sanitation
37-3011,Landscaping and Groundskeeping Workers,Cleaning & Sanitation
37-3012,"Pesticide Handlers, Sprayers, and Applicators, Vegetation",Cleaning & Sanitation
37-3013,Tree Trimmers and Pruners,Cleaning & Sanitation
37-3019,"Grounds Maintenance Workers, All Other",Cleaning & Sanitation
39-1013,First-Line Supervisors of Gambling Services Workers,Hospitality & Tourism
39-1014,"First-Line Supervisors of Entertainment and Recreation Workers, Except Gambling Services",Arts & Entertainment
39-1022,First-Line Supervisors of Personal Service Workers,Personal Care & Home Health
39-2011,Animal Trainers,Personal Care & Home Health
39-2021,Animal Caretakers,Personal Care & Home Health
39-3011,Gambling Dealers,Hospitality & Tourism
39-3012,Gambling and Sports Book Writers and Runners,Hospitality & Tourism
39-3019,"Gambling Service Workers, All Other",Hospitality & Tourism
39-3021,Motion Picture Projectionists,Arts & Entertainment
39-3031,"Ushers, Lobby Attendants, and Ticket Takers",Arts & Entertainment
39-3091,Amusement and Recreation Attendants,Hospitality & Tourism
39-3092,Costume Attendants,Arts & Entertainment
39-3093,"Locker Room, Coatroom, and Dressing Room Attendants",Hospitality & Tourism
39-3099,"Entertainment Attendants and Related Workers, All Other",Arts & Entertainment
39-4011,Embalmers,Personal Care & Home Health
39-4012,Crematory Operators,Personal Care & Home Health
39-4021,Funeral Attendants,Personal Care & Home Health
39-4031,"Morticians, Undertakers, and Funeral Arrangers",Personal Care & Home Health
39-5011,Barbers,Personal Care & Home Health
39-5012,"Hairdressers, Hairstylists, and Cosmetologists",Personal Care & Home Health
39-5091,"Makeup Artists, Theatrical and Performance",Personal Care & Home Health
39-5092,Manicurists and Pedicurists,Personal Care & Home Health
39-5093,Shampooers,Personal Care & Home Health
39-5094,Skincare Specialists,Personal Care & Home Health
39-6011,Baggage Porters and Bellhops,Hospitality & Tourism
39-6012,Concierges,Hospitality & Tourism
39-7010,Tour and Travel Guides,Hospitality & Tourism
39-9011,Childcare Workers,Personal Care & Home Health
39-9031,Exercise Trainers and Group Fitness Instructors,Sports
39-9032,Recreation Workers,Hospitality & Tourism
39-9041,Residential Advisors,Community & Social Service
39-9099,"Personal Care and Service Workers, All Other",Personal Care & Home Health
41-1011,First-Line Supervisors of Retail Sales Workers,Retail
41-1012,First-Line Supervisors of Non-Retail Sales Workers,Sales
41-2011,Cashiers,Retail
41-2012,Gambling Change Persons and Booth Cashiers,Hospitality & Tourism
41-2021,Counter and Rental Clerks,Retail
41-2022,Parts Salespersons,Retail
41-2031,Retail Salespersons,Retail
41-3011,Advertising Sales Agents,Sales
41-3021,Insurance Sales Agents,Sales
41-3031,"Securities, Commodities, and Financial Services Sales Agents",Banking & Finance
41-3041,Travel Agents,Hospitality & Tourism
41-3091,"Sales Representatives of Services, Except Advertising, Insurance, Financial Services, and Travel",Sales
41-4011,"Sales Representatives, Wholesale and Manufacturing, Technical and Scientific Products",Sales
41-4012,"Sales Representatives, Wholesale and Manufacturing, Except Technical and Scientific Products",Sales
41-9011,Demonstrators and Product Promoters,Marketing
41-9012,Models,Marketing
41-9021,Real Estate Brokers,Sales
41-9022,Real Estate Sales Agents,Sales
41-9031,Sales Engineers,Sales
41-9041,Telemarketers,Sales
41-9091,"Door-to-Door Sales Workers, News and Street Vendors, and Related Workers",Sales
41-9099,"Sales and Related Workers, All Other",Sales
43-1011,First-Line Supervisors of Office and Administrative Support Workers,Administrative Assistance
43-2011,"Switchboard Operators, Including Answering Service",Administrative Assistance
43-2021,Telephone Operators,Administrative Assistance
43-2099,"Communications Equipment Operators, All Other",Administrative Assistance
43-3011,Bill and Account Collectors,Accounting
43-3021,Billing and Posting Clerks,Accounting
43-3031,"Bookkeeping, Accounting, and Auditing Clerks",Accounting
43-3041,Gambling Cage Workers,Hospitality & Tourism
43-3051,Payroll and Timekeeping Clerks,Accounting
43-3061,Procurement Clerks,Administrative Assistance
43-3071,Tellers,Banking & Finance
43-3099,"Financial Clerks, All Other",Banking & Finance
43-4011,Brokerage Clerks,Banking & Finance
43-4021,Correspondence Clerks,Administrative Assistance
43-4031,"Court, Municipal, and License Clerks",Legal
43-4041,"Credit Authorizers, Checkers, and Clerks",Banking & Finance
43-4051,Customer Service Representatives,Customer Service
43-4061,"Eligibility Interviewers, Government Programs",Administrative Assistance
43-4071,File Clerks,Administrative Assistance
43-4081,"Hotel, Motel, and Resort Desk Clerks",Hospitality & Tourism
43-4111,"Interviewers, Except Eligibility and Loan",Administrative Assistance
43-4121,"Library Assistants, Clerical",Education & Instruction
43-4131,Loan Interviewers and Clerks,Banking & Finance
43-4141,New Accounts Clerks,Banking & Finance
43-4151,Order Clerks,Administrative Assistance
43-4161,"Human Resources Assistants, Except Payroll and Timekeeping",Human Resources
43-4171,Receptionists and Information Clerks,Administrative Assistance
43-4181,Reservation and Transportation Ticket Agents and Travel Clerks,Hospitality & Tourism
43-4199,"Information and Record Clerks, All Other",Administrative Assistance
43-5011,Cargo and Freight Agents,Logistic Support
43-5021,Couriers and Messengers,Logistic Support
43-5031,Public Safety Telecommunicators,Security & Public Safety
43-5032,"Dispatchers, Except Police, Fire, and Ambulance",Logistic Support
43-5041,"Meter Readers, Utilities",Administrative Assistance
43-5051,Postal Service Clerks,Logistic Support
43-5052,Postal Service Mail Carriers,Logistic Support
43-5053,"Postal Service Mail Sorters, Processors, and Processing Machine Operators",Logistic Support
43-5061,"Production, Planning, and Expediting Clerks",Production & Manufacturing
43-5071,"Shipping, Receiving, and Inventory Clerks",Loading & Stocking
43-5111,"Weighers, Measurers, Checkers, and Samplers, Recordkeeping",Loading & Stocking
43-6011,Executive Secretaries and Executive Administrative Assistants,Administrative Assistance
43-6012,Legal Secretaries and Administrative Assistants,Legal
43-6013,Medical Secretaries and Administrative Assistants,Administrative Assistance
43-6014,"Secretaries and Administrative Assistants, Except Legal, Medical, and Executive",Administrative Assistance
43-9021,Data Entry Keyers,Administrative Assistance
43-9022,Word Processors and Typists,Administrative Assistance
43-9031,Desktop Publishers,Administrative Assistance
43-9041,Insurance Claims and Policy Processing Clerks,Banking & Finance
43-9051,"Mail Clerks and Mail Machine Operators, Except Postal Service",Administrative Assistance
43-9061,"Office Clerks, General",Administrative Assistance
43-9071,"Office Machine Operators, Except Computer",Administrative Assistance
43-9081,Proofreaders and Copy Markers,Administrative Assistance
43-9111,Statistical Assistants,Data & Analytics
43-9199,"Office and Administrative Support Workers, All Other",Administrative Assistance
45-1011,"First-Line Supervisors of Farming, Fishing, and Forestry Workers",Production & Manufacturing
45-2011,Agricultural Inspectors,Production & Manufacturing
45-2021,Animal Breeders,Production & Manufacturing
45-2041,"Graders and Sorters, Agricultural Products",Production & Manufacturing
45-2091,Agricultural Equipment Operators,Production & Manufacturing
45-2092,"Farmworkers and Laborers, Crop, Nursery, and Greenhouse",Production & Manufacturing
45-2093,"Farmworkers, Farm, Ranch, and Aquacultural Animals",Production & Manufacturing
45-2099,"Agricultural Workers, All Other",Production & Manufacturing
45-4011,Forest and Conservation Workers,Production & Manufacturing
45-4021,Fallers,Production & Manufacturing
45-4022,Logging Equipment Operators,Production & Manufacturing
45-4023,Log Graders and Scalers,Production & Manufacturing
45-4029,"Logging Workers, All Other",Production & Manufacturing
47-1011,First-Line Supervisors of Construction Trades and Extraction Workers,Installation & Maintenance
47-2011,Boilermakers,Installation & Maintenance
47-2021,Brickmasons and Blockmasons,Installation & Maintenance
47-2022,Stonemasons,Installation & Maintenance
47-2031,Carpenters,Installation & Maintenance
47-2041,Carpet Installers,Installation & Maintenance
47-2042,"Floor Layers, Except Carpet, Wood, and Hard Tiles",Installation & Maintenance
47-2043,Floor Sanders and Finishers,Installation & Maintenance
47-2044,Tile and Stone Setters,Installation & Maintenance
47-2051,Cement Masons and Concrete Finishers,Installation & Maintenance
47-2053,Terrazzo Workers and Finishers,Installation & Maintenance
47-2061,Construction Laborers,Installation & Maintenance
47-2071,"Paving, Surfacing, and Tamping Equipment Operators",Installation & Maintenance
47-2072,Pile Driver Operators,Installation & Maintenance
47-2073,Operating Engineers and Other Construction Equipment Operators,Installation & Maintenance
47-2081,Drywall and Ceiling Tile Installers,Installation & Maintenance
47-2082,Tapers,Installation & Maintenance
47-2111,Electricians,Installation & Maintenance
47-2121,Glaziers,Installation & Maintenance
47-2131,"Insulation Workers, Floor, Ceiling, and Wall",Installation & Maintenance
47-2132,"Insulation Workers, Mechanical",Installation & Maintenance
47-2141,"Painters, Construction and Maintenance",Installation & Maintenance
47-2142,Paperhangers,Installation & Maintenance
47-2151,Pipelayers,Installation & Maintenance
47-2152,"Plumbers, Pipefitters, and Steamfitters",Installation & Maintenance
47-2161,Plasterers and Stucco Masons,Installation & Maintenance
47-2171,Reinforcing Iron and Rebar Workers,Installation & Maintenance
47-2181,Roofers,Installation & Maintenance
47-2211,Sheet Metal Workers,Installation & Maintenance
47-2221,Structural Iron and Steel Workers,Installation & Maintenance
47-2231,Solar Photovoltaic Installers,Installation & Maintenance
47-3011,"Helpers--Brickmasons, Blockmasons, Stonemasons, and Tile and Marble Setters",Installation & Maintenance
47-3012,Helpers--Carpenters,Installation & Maintenance
47-3013,Helpers--Electricians,Installation & Maintenance
47-3014,"Helpers--Painters, Paperhangers, Plasterers, and Stucco Masons",Installation & Maintenance
47-3015,"Helpers--Pipelayers, Plumbers, Pipefitters, and Steamfitters",Installation & Maintenance
47-3016,Helpers--Roofers,Installation & Maintenance
47-3019,"Helpers, Construction Trades, All Other",Installation & Maintenance
47-4011,Construction and Building Inspectors,Installation & Maintenance
47-4021,Elevator and Escalator Installers and Repairers,Installation & Maintenance
47-4031,Fence Erectors,Installation & Maintenance
47-4041,Hazardous Materials Removal Workers,Installation & Maintenance
47-4051,Highway Maintenance Workers,Installation & Maintenance
47-4061,Rail-Track Laying and Maintenance Equipment Operators,Installation & Maintenance
47-4071,Septic Tank Servicers and Sewer Pipe Cleaners,Installation & Maintenance
47-4090,Miscellaneous Construction and Related Workers,Installation & Maintenance
47-5011,"Derrick Operators, Oil and Gas",Installation & Maintenance
47-5012,"Rotary Drill Operators, Oil and Gas",Installation & Maintenance
47-5013,"Service Unit Operators, Oil and Gas",Installation & Maintenance
47-5022,"Excavating and Loading Machine and Dragline Operators, Surface Mining",Installation & Maintenance
47-5023,"Earth Drillers, Except Oil and Gas",Installation & Maintenance
47-5032,"Explosives Workers, Ordnance Handling Experts, and Blasters",Installation & Maintenance
47-5041,Continuous Mining Machine Operators,Installation & Maintenance
47-5043,"Roof Bolters, Mining",Installation & Maintenance
47-5044,"Loading and Moving Machine Operators, Underground Mining",Installation & Maintenance
47-5049,"Underground Mining Machine Operators, All Other",Installation & Maintenance
47-5051,"Rock Splitters, Quarry",Installation & Maintenance
47-5071,"Roustabouts, Oil and Gas",Installation & Maintenance
47-5081,Helpers--Extraction Workers,Installation & Maintenance
47-5099,"Extraction Workers, All Other",Installation & Maintenance
49-1011,"First-Line Supervisors of Mechanics, Installers, and Repairers",Installation & Maintenance
49-2011,"Computer, Automated Teller, and Office Machine Repairers",Installation & Maintenance
49-2021,"Radio, Cellular, and Tower Equipment Installers and Repairers",Installation & Maintenance
49-2022,"Telecommunications Equipment Installers and Repairers, Except Line Installers",Installation & Maintenance
49-2091,Avionics Technicians,Installation & Maintenance
49-2092,"Electric Motor, Power Tool, and Related Repairers",Installation & Maintenance
49-2093,"Electrical and Electronics Installers and Repairers, Transportation Equipment",Installation & Maintenance
49-2094,"Electrical and Electronics Repairers, Commercial and Industrial Equipment",Installation & Maintenance
49-2095,"Electrical and Electronics Repairers, Powerhouse, Substation, and Relay",Installation & Maintenance
49-2096,"Electronic Equipment Installers and Repairers, Motor Vehicles",Installation & Maintenance
49-2097,Audiovisual Equipment Installers and Repairers,Installation & Maintenance
49-2098,Security and Fire Alarm Systems Installers,Installation & Maintenance
49-3011,Aircraft Mechanics and Service Technicians,Installation & Maintenance
49-3021,Automotive Body and Related Repairers,Installation & Maintenance
49-3022,Automotive Glass Installers and Repairers,Installation & Maintenance
49-3023,Automotive Service Technicians and Mechanics,Installation & Maintenance
49-3031,Bus and Truck Mechanics and Diesel Engine Specialists,Installation & Maintenance
49-3041,Farm Equipment Mechanics and Service Technicians,Installation & Maintenance
49-3042,"Mobile Heavy Equipment Mechanics, Except Engines",Installation & Maintenance
49-3043,Rail Car Repairers,Installation & Maintenance
49-3051,Motorboat Mechanics and Service Technicians,Installation & Maintenance
49-3052,Motorcycle Mechanics,Installation & Maintenance
49-3053,Outdoor Power Equipment and Other Small Engine Mechanics,Installation & Maintenance
49-3091,Bicycle Repairers,Installation & Maintenance
49-3092,Recreational Vehicle Service Technicians,Installation & Maintenance
49-3093,Tire Repairers and Changers,Installation & Maintenance
49-9011,Mechanical Door Repairers,Installation & Maintenance
49-9012,"Control and Valve Installers and Repairers, Except Mechanical Door",Installation & Maintenance
49-9021,"Heating, Air Conditioning, and Refrigeration Mechanics and Installers",Installation & Maintenance
49-9031,Home Appliance Repairers,Installation & Maintenance
49-9041,Industrial Machinery Mechanics,Installation & Maintenance
49-9043,"Maintenance Workers, Machinery",Installation & Maintenance
49-9044,Millwrights,Installation & Maintenance
49-9045,"Refractory Materials Repairers, Except Brickmasons",Installation & Maintenance
49-9051,Electrical Power-Line Installers and Repairers,Installation & Maintenance
49-9052,Telecommunications Line Installers and Repairers,Installation & Maintenance
49-9061,Camera and Photographic Equipment Repairers,Installation & Maintenance
49-9062,Medical Equipment Repairers,Installation & Maintenance
49-9063,Musical Instrument Repairers and Tuners,Installation & Maintenance
49-9064,Watch and Clock Repairers,Installation & Maintenance
49-9069,"Precision Instrument and Equipment Repairers, All Other",Installation & Maintenance
49-9071,"Maintenance and Repair Workers, General",Installation & Maintenance
49-9081,Wind Turbine Service Technicians,Installation & Maintenance
49-9091,"Coin, Vending, and Amusement Machine Servicers and Repairers",Installation & Maintenance
49-9092,Commercial Divers,Installation & Maintenance
49-9094,Locksmiths and Safe Repairers,Installation & Maintenance
49-9095,Manufactured Building and Mobile Home Installers,Installation & Maintenance
49-9096,Riggers,Installation & Maintenance
49-9097,Signal and Track Switch Repairers,Installation & Maintenance
49-9098,"Helpers--Installation, Maintenance, and Repair Workers",Installation & Maintenance
49-9099,"Installation, Maintenance, and Repair Workers, All Other",Installation & Maintenance
51-1011,First-Line Supervisors of Production and Operating Workers,Production & Manufacturing
51-2011,"Aircraft Structure, Surfaces, Rigging, and Systems Assemblers",Production & Manufacturing
51-2021,"Coil Winders, Tapers, and Finishers",Production & Manufacturing
51-2028,"Electrical, Electronic, and Electromechanical Assemblers, Except Coil Winders, Tapers, and Finishers",Production & Manufacturing
51-2031,Engine and Other Machine Assemblers,Production & Manufacturing
51-2041,Structural Metal Fabricators and Fitters,Production & Manufacturing
51-2051,Fiberglass Laminators and Fabricators,Production & Manufacturing
51-2061,Timing Device Assemblers and Adjusters,Production & Manufacturing
51-2090,Miscellaneous Assemblers and Fabricators,Production & Manufacturing
51-3011,Bakers,Production & Manufacturing
51-3021,Butchers and Meat Cutters,Production & Manufacturing
51-3022,"Meat, Poultry, and Fish Cutters and Trimmers",Production & Manufacturing
51-3023,Slaughterers and Meat Packers,Production & Manufacturing
51-3091,"Food and Tobacco Roasting, Baking, and Drying Machine Operators and Tenders",Production & Manufacturing
51-3092,Food Batchmakers,Production & Manufacturing
51-3093,Food Cooking Machine Operators and Tenders,Production & Manufacturing
51-3099,"Food Processing Workers, All Other",Production & Manufacturing
51-4021,"Extruding and Drawing Machine Setters, Operators, and Tenders, Metal and Plastic",Production & Manufacturing
51-4022,"Forging Machine Setters, Operators, and Tenders, Metal and Plastic",Production & Manufacturing
51-4023,"Rolling Machine Setters, Operators, and Tenders, Metal and Plastic",Production & Manufacturing
51-4031,"Cutting, Punching, and Press Machine Setters, Operators, and Tenders, Metal and Plastic",Production & Manufacturing
51-4032,"Drilling and Boring Machine Tool Setters, Operators, and Tenders, Metal and Plastic",Production & Manufacturing
51-4033,"Grinding, Lapping, Polishing, and Buffing Machine Tool Setters, Operators, and Tenders, Metal and Plastic",Production & Manufacturing
51-4034,"Lathe and Turning Machine Tool Setters, Operators, and Tenders, Metal and Plastic",Production & Manufacturing
51-4035,"Milling and Planing Machine Setters, Operators, and Tenders, Metal and Plastic",Production & Manufacturing
51-4041,Machinists,Production & Manufacturing
51-4051,Metal-Refining Furnace Operators and Tenders,Production & Manufacturing
51-4052,"Pourers and Casters, Metal",Production & Manufacturing
51-4061,"Model Makers, Metal and Plastic",Production & Manufacturing
51-4062,"Patternmakers, Metal and Plastic",Production & Manufacturing
51-4071,Foundry Mold and Coremakers,Production & Manufacturing
51-4072,"Molding, Coremaking, and Casting Machine Setters, Operators, and Tenders, Metal and Plastic",Production & Manufacturing
51-4081,"Multiple Machine Tool Setters, Operators, and Tenders, Metal and Plastic",Production & Manufacturing
51-4111,Tool and Die Makers,Production & Manufacturing
51-4121,"Welders, Cutters, Solderers, and Brazers",Production & Manufacturing
51-4122,"Welding, Soldering, and Brazing Machine Setters, Operators, and Tenders",Production & Manufacturing
51-4191,"Heat Treating Equipment Setters, Operators, and Tenders, Metal and Plastic",Production & Manufacturing
51-4192,"Layout Workers, Metal and Plastic",Production & Manufacturing
51-4193,"Plating Machine Setters, Operators, and Tenders, Metal and Plastic",Production & Manufacturing
51-4194,"Tool Grinders, Filers, and Sharpeners",Production & Manufacturing
51-4199,"Metal Workers and Plastic Workers, All Other",Production & Manufacturing
51-5111,Prepress Technicians and Workers,Production & Manufacturing
51-5112,Printing Press Operators,Production & Manufacturing
51-5113,Print Binding and Finishing Workers,Production & Manufacturing
51-6011,Laundry and Dry-Cleaning Workers,Production & Manufacturing
51-6021,"Pressers, Textile, Garment, and Related Materials",Production & Manufacturing
51-6031,Sewing Machine Operators,Production & Manufacturing
51-6041,Shoe and Leather Workers and Repairers,Production & Manufacturing
51-6042,Shoe Machine Operators and Tenders,Production & Manufacturing
51-6051,"Sewers, Hand",Production & Manufacturing
51-6052,"Tailors, Dressmakers, and Custom Sewers",Production & Manufacturing
51-6061,Textile Bleaching and Dyeing Machine Operators and Tenders,Production & Manufacturing
51-6062,"Textile Cutting Machine Setters, Operators, and Tenders",Production & Manufacturing
51-6063,"Textile Knitting and Weaving Machine Setters, Operators, and Tenders",Production & Manufacturing
51-6064,"Textile Winding, Twisting, and Drawing Out Machine Setters, Operators, and Tenders",Production & Manufacturing
51-6091,"Extruding and Forming Machine Setters, Operators, and Tenders, Synthetic and Glass Fibers",Production & Manufacturing
51-6092,Fabric and Apparel Patternmakers,Production & Manufacturing
51-6093,Upholsterers,Production & Manufacturing
51-6099,"Textile, Apparel, and Furnishings Workers, All Other",Production & Manufacturing
51-7011,Cabinetmakers and Bench Carpenters,Production & Manufacturing
51-7021,Furniture Finishers,Production & Manufacturing
51-7031,"Model Makers, Wood",Production & Manufacturing
51-7032,"Patternmakers, Wood",Production & Manufacturing
51-7041,"Sawing Machine Setters, Operators, and Tenders, Wood",Production & Manufacturing
51-7042,"Woodworking Machine Setters, Operators, and Tenders, Except Sawing",Production & Manufacturing
51-7099,"Woodworkers, All Other",Production & Manufacturing
51-8011,Nuclear Power Reactor Operators,Production & Manufacturing
51-8012,Power Distributors and Dispatchers,Production & Manufacturing
51-8013,Power Plant Operators,Production & Manufacturing
51-8021,Stationary Engineers and Boiler Operators,Production & Manufacturing
51-8031,Water and Wastewater Treatment Plant and System Operators,Production & Manufacturing
51-8091,Chemical Plant and System Operators,Production & Manufacturing
51-8092,Gas Plant Operators,Production & Manufacturing
51-8093,"Petroleum Pump System Operators, Refinery Operators, and Gaugers",Production & Manufacturing
51-8099,"Plant and System Operators, All Other",Production & Manufacturing
51-9011,Chemical Equipment Operators and Tenders,Production & Manufacturing
51-9012,"Separating, Filtering, Clarifying, Precipitating, and Still Machine Setters, Operators, and Tenders",Production & Manufacturing
51-9021,"Crushing, Grinding, and Polishing Machine Setters, Operators, and Tenders",Production & Manufacturing
51-9022,"Grinding and Polishing Workers, Hand",Production & Manufacturing
51-9023,"Mixing and Blending Machine Setters, Operators, and Tenders",Production & Manufacturing
51-9031,"Cutters and Trimmers, Hand",Production & Manufacturing
51-9032,"Cutting and Slicing Machine Setters, Operators, and Tenders",Production & Manufacturing
51-9041,"Extruding, Forming, Pressing, and Compacting Machine Setters, Operators, and Tenders",Production & Manufacturing
51-9051,"Furnace, Kiln, Oven, Drier, and Kettle Operators and Tenders",Production & Manufacturing
51-9061,"Inspectors, Testers, Sorters, Samplers, and Weighers",Production & Manufacturing
51-9071,Jewelers and Precious Stone and Metal Workers,Production & Manufacturing
51-9081,Dental Laboratory Technicians,Production & Manufacturing
51-9082,Medical Appliance Technicians,Production & Manufacturing
51-9083,Ophthalmic Laboratory Technicians,Production & Manufacturing
51-9111,Packaging and Filling Machine Operators and Tenders,Production & Manufacturing
51-9123,"Painting, Coating, and Decorating Workers",Production & Manufacturing
51-9124,"Coating, Painting, and Spraying Machine Setters, Operators, and Tenders",Production & Manufacturing
51-9141,Semiconductor Processing Technicians,Production & Manufacturing
51-9151,Photographic Process Workers and Processing Machine Operators,Production & Manufacturing
51-9161,Computer Numerically Controlled Tool Operators,Production & Manufacturing
51-9162,Computer Numerically Controlled Tool Programmers,Production & Manufacturing
51-9191,Adhesive Bonding Machine Operators and Tenders,Production & Manufacturing
51-9192,"Cleaning, Washing, and Metal Pickling Equipment Operators and Tenders",Production & Manufacturing
51-9193,Cooling and Freezing Equipment Operators and Tenders,Production & Manufacturing
51-9194,Etchers and Engravers,Production & Manufacturing
51-9195,"Molders, Shapers, and Casters, Except Metal and Plastic",Production & Manufacturing
51-9196,"Paper Goods Machine Setters, Operators, and Tenders",Production & Manufacturing
51-9197,Tire Builders,Production & Manufacturing
51-9198,Helpers--Production Workers,Production & Manufacturing
51-9199,"Production Workers, All Other",Production & Manufacturing
53-1041,Aircraft Cargo Handling Supervisors,Logistic Support
53-1047,"First-Line Supervisors of Transportation and Material Moving Workers, Except Aircraft Cargo Handling Supervisors",Logistic Support
53-2011,"Airline Pilots, Copilots, and Flight Engineers",Logistic Support
53-2012,Commercial Pilots,Logistic Support
53-2021,Air Traffic Controllers,Logistic Support
53-2022,Airfield Operations Specialists,Logistic Support
53-2031,Flight Attendants,Hospitality & Tourism
53-3011,"Ambulance Drivers and Attendants, Except Emergency Medical Technicians",Driving
53-3031,Driver/Sales Workers,Driving
53-3032,Heavy and Tractor-Trailer Truck Drivers,Driving
53-3033,Light Truck Drivers,Driving
53-3051,"Bus Drivers, School",Driving
53-3052,"Bus Drivers, Transit and Intercity",Driving
53-3053,Shuttle Drivers and Chauffeurs,Driving
53-3054,Taxi Drivers,Driving
53-3099,"Motor Vehicle Operators, All Other",Driving
53-4011,Locomotive Engineers,Logistic Support
53-4013,"Rail Yard Engineers, Dinkey Operators, and Hostlers",Logistic Support
53-4022,"Railroad Brake, Signal, and Switch Operators and Locomotive Firers",Logistic Support
53-4031,Railroad Conductors and Yardmasters,Logistic Support
53-4041,Subway and Streetcar Operators,Logistic Support
53-4099,"Rail Transportation Workers, All Other",Logistic Support
53-5011,Sailors and Marine Oilers,Logistic Support
53-5021,"Captains, Mates, and Pilots of Water Vessels",Logistic Support
53-5022,Motorboat Operators,Logistic Support
53-5031,Ship Engineers,Logistic Support
53-6011,Bridge and Lock Tenders,Logistic Support
53-6021,Parking Attendants,Logistic Support
53-6031,Automotive and Watercraft Service Attendants,Logistic Support
53-6032,Aircraft Service Attendants,Logistic Support
53-6041,Traffic Technicians,Logistic Support
53-6051,Transportation Inspectors,Logistic Support
53-6061,Passenger Attendants,Logistic Support
53-6099,"Transportation Workers, All Other",Logistic Support
53-7011,Conveyor Operators and Tenders,Logistic Support
53-7021,Crane and Tower Operators,Logistic Support
53-7031,Dredge Operators,Logistic Support
53-7041,Hoist and Winch Operators,Logistic Support
53-7051,Industrial Truck and Tractor Operators,Loading & Stocking
53-7061,Cleaners of Vehicles and Equipment,Cleaning & Sanitation
53-7062,"Laborers and Freight, Stock, and Material Movers, Hand",Loading & Stocking
53-7063,Machine Feeders and Offbearers,Loading & Stocking
53-7064,"Packers and Packagers, Hand",Loading & Stocking
53-7065,Stockers and Order Fillers,Loading & Stocking
53-7071,Gas Compressor and Gas Pumping Station Operators,Logistic Support
53-7072,"Pump Operators, Except Wellhead Pumpers",Logistic Support
53-7073,Wellhead Pumpers,Logistic Support
53-7081,Refuse and Recyclable Material Collectors,Cleaning & Sanitation
53-7121,"Tank Car, Truck, and Ship Loaders",Loading & Stocking
53-7199,"Material Moving Workers, All Other",Loading & Stocking
